[
  {
    "inventoryKey": "def",
    "itemID": "10104122",
    "nodeKey": "5678",
    "qty": "20.00",
    "transitDay": 3,
    "suppyType": "ONHAND",
    "priority": "2",
    "nodeName": "Diamond Plaza",
    "nodeType": "Warehouse",
    "longitude": 88.5021,
    "latitude": 23.4013,
    "area": "Krishna Nagar"
  },
  {
    "inventoryKey": "abc",
    "itemID": "10104122",
    "nodeKey": "1234",
    "qty": "30.00",
    "transitDay": 2,
    "suppyType": "ONHAND",
    "priority": "1",
    "nodeName": "Eden Shop",
    "nodeType": "Store",
    "longitude": 88.4798,
    "latitude": 22.5754,
    "area": "Dum Dum"
  }
]